[{"model": "Authentication.profile", "pk": 1, "fields": {"user": 2, "company": 1, "role": "ADMIN", "phone": "7464748488"}}, {"model": "Authentication.profile", "pk": 2, "fields": {"user": 3, "company": 1, "role": "OFFICER", "phone": "8220853438"}}, {"model": "Authentication.profile", "pk": 3, "fields": {"user": 5, "company": 1, "role": "OFFICER", "phone": "8220853438"}}, {"model": "emissions.company", "pk": 1, "fields": {"name": "Chhattisgarh Coal Ltd", "address": "Raipur, Chhattisgarh, India", "contact_email": "info@ccl.com", "industry_type": "Coal Mining"}}, {"model": "emissions.mine", "pk": 1, "fields": {"company": 1, "name": "Korba Coal Mine", "location": "Korba, Chhattisgarh", "latitude": 22.35, "longitude": 82.7}}, {"model": "emissions.mine", "pk": 2, "fields": {"company": 1, "name": "Gevra Coal Mine", "location": "Korba, Chhattisgarh", "latitude": 22.3, "longitude": 82.6}}, {"model": "emissions.mine", "pk": 3, "fields": {"company": 1, "name": "Dipka Coal Mine", "location": "Korba, Chhattisgarh", "latitude": 22.38, "longitude": 82.62}}, {"model": "emissions.mine", "pk": 4, "fields": {"company": 1, "name": "Bingham Canyon Mine", "location": "Utah, USA", "latitude": 403123.0, "longitude": 1120904.0}}, {"model": "emissions.pollutant", "pk": 1, "fields": {"code": "CO2", "name": "Carbon Dioxide", "unit": "kg", "gwp": 1.0}}, {"model": "emissions.pollutant", "pk": 2, "fields": {"code": "CH4", "name": "Methane", "unit": "kg", "gwp": 28.0}}, {"model": "emissions.pollutant", "pk": 3, "fields": {"code": "N2O", "name": "Nitrous Oxide", "unit": "kg", "gwp": 265.0}}, {"model": "emissions.pollutant", "pk": 4, "fields": {"code": "SO2", "name": "Sulfur Dioxide", "unit": "ppm", "gwp": 0.0}}, {"model": "emissions.pollutant", "pk": 5, "fields": {"code": "NOx", "name": "Nitrogen Oxides", "unit": "ppm", "gwp": 0.0}}, {"model": "emissions.pollutant", "pk": 6, "fields": {"code": "CO", "name": "Carbon Monoxide", "unit": "ppm", "gwp": 0.0}}, {"model": "emissions.pollutant", "pk": 7, "fields": {"code": "PM2.5", "name": "Fine Particulate Matter (PM2.5)", "unit": "µg/m³", "gwp": 0.0}}, {"model": "emissions.pollutant", "pk": 8, "fields": {"code": "PM10", "name": "Particulate Matter (PM10)", "unit": "µg/m³", "gwp": 0.0}}, {"model": "emissions.pollutant", "pk": 9, "fields": {"code": "VOC", "name": "Volatile Organic Compounds", "unit": "ppm", "gwp": 0.0}}, {"model": "emissions.pollutant", "pk": 10, "fields": {"code": "O3", "name": "Ozone", "unit": "ppb", "gwp": 2000.0}}, {"model": "emissions.sensor", "pk": 1, "fields": {"mine": 1, "pollutant": 1, "name": "CO2 Sensor 1", "model": "ABC-100", "installation_date": "2025-01-01", "last_calibrated": null}}, {"model": "emissions.sensor", "pk": 2, "fields": {"mine": 1, "pollutant": 2, "name": "Methane Sensor 1", "model": "DustPro-X", "installation_date": "2025-02-15", "last_calibrated": null}}, {"model": "emissions.sensor", "pk": 4, "fields": {"mine": 1, "pollutant": 4, "name": "SO2 Sensor 1", "model": "SO2-M100", "installation_date": "2025-10-21", "last_calibrated": "2025-10-21"}}, {"model": "emissions.sensor", "pk": 5, "fields": {"mine": 1, "pollutant": 5, "name": "NOx Sensor 1", "model": "NOx-M100", "installation_date": "2025-10-21", "last_calibrated": "2025-10-21"}}, {"model": "emissions.sensor", "pk": 6, "fields": {"mine": 1, "pollutant": 7, "name": "PM2.5 Sensor 1", "model": "PM2.5-M100", "installation_date": "2025-10-21", "last_calibrated": "2025-10-21"}}, {"model": "emissions.sensor", "pk": 7, "fields": {"mine": 1, "pollutant": 6, "name": "CO Sensor 1", "model": "CO-M100", "installation_date": "2025-10-21", "last_calibrated": "2025-10-21"}}, {"model": "emissions.sensorreading", "pk": 1, "fields": {"sensor": 1, "timestamp": "2025-10-05T17:27:57.472Z", "value": 42.997559456055264, "unit": "kg", "quality_flag": "OK"}}, {"model": "emissions.sensorreading", "pk": 2, "fields": {"sensor": 1, "timestamp": "2025-10-05T16:27:57.472Z", "value": 75.14782991710473, "unit": "kg", "quality_flag": "OK"}}, {"model": "emissions.sensorreading", "pk": 3, "fields": {"sensor": 1, "timestamp": "2025-10-05T15:27:57.472Z", "value": 67.5282669022117, "unit": "kg", "quality_flag": "OK"}}, {"model": "emissions.sensorreading", "pk": 4, "fields": {"sensor": 1, "timestamp": "2025-10-05T14:27:57.472Z", "value": 64.20305654376634, "unit": "kg", "quality_flag": "OK"}}, {"model": "emissions.sensorreading", "pk": 5, "fields": {"sensor": 1, "timestamp": "2025-10-05T13:27:57.472Z", "value": 86.87128847768012, "unit": "kg", "quality_flag": "OK"}}, {"model": "emissions.sensorreading", "pk": 6, "fields": {"sensor": 1, "timestamp": "2025-10-05T12:27:57.472Z", "value": 41.37358314992407, "unit": "kg", "quality_flag": "OK"}}, {"model": "emissions.sensorreading", "pk": 7, "fields": {"sensor": 1, "timestamp": "2025-10-05T11:27:57.472Z", "value": 26.520319559561294, "unit": "kg", "quality_flag": "OK"}}, {"model": "emissions.sensorreading", "pk": 8, "fields": {"sensor": 1, "timestamp": "2025-10-05T10:27:57.472Z", "value": 10.180366676197096, "unit": "kg", "quality_flag": "OK"}}, {"model": "emissions.sensorreading", "pk": 9, "fields": {"sensor": 1, "timestamp": "2025-10-05T09:27:57.472Z", "value": 16.350333504665347, "unit": "kg", "quality_flag": "OK"}}, {"model": "emissions.sensorreading", "pk": 10, "fields": {"sensor": 1, "timestamp": "2025-10-05T08:27:57.472Z", "value": 30.565521502456342, "unit": "kg", "quality_flag": "OK"}}, {"model": "emissions.sensorreading", "pk": 11, "fields": {"sensor": 1, "timestamp": "2025-10-05T07:27:57.472Z", "value": 59.62339769806495, "unit": "kg", "quality_flag": "OK"}}, {"model": "emissions.sensorreading", "pk": 12, "fields": {"sensor": 1, "timestamp": "2025-10-05T06:27:57.472Z", "value": 41.76459357070101, "unit": "kg", "quality_flag": "OK"}}, {"model": "emissions.sensorreading", "pk": 13, "fields": {"sensor": 1, "timestamp": "2025-10-05T05:27:57.472Z", "value": 51.17413734441942, "unit": "kg", "quality_flag": "OK"}}, {"model": "emissions.sensorreading", "pk": 14, "fields": {"sensor": 1, "timestamp": "2025-10-05T04:27:57.472Z", "value": 46.34352598118103, "unit": "kg", "quality_flag": "OK"}}, {"model": "emissions.sensorreading", "pk": 15, "fields": {"sensor": 1, "timestamp": "2025-10-05T03:27:57.472Z", "value": 77.48655168476951, "unit": "kg", "quality_flag": "OK"}}, {"model": "emissions.sensorreading", "pk": 16, "fields": {"sensor": 1, "timestamp": "2025-10-05T02:27:57.472Z", "value": 54.21072279312441, "unit": "kg", "quality_flag": "OK"}}, {"model": "emissions.sensorreading", "pk": 17, "fields": {"sensor": 1, "timestamp": "2025-10-05T01:27:57.472Z", "value": 61.377230252015025, "unit": "kg", "quality_flag": "OK"}}, {"model": "emissions.sensorreading", "pk": 18, "fields": {"sensor": 1, "timestamp": "2025-10-05T00:27:57.472Z", "value": 40.943048166622695, "unit": "kg", "quality_flag": "OK"}}, {"model": "emissions.sensorreading", "pk": 19, "fields": {"sensor": 1, "timestamp": "2025-10-04T23:27:57.472Z", "value": 99.89443110166297, "unit": "kg", "quality_flag": "OK"}}, {"model": "emissions.sensorreading", "pk": 20, "fields": {"sensor": 1, "timestamp": "2025-10-04T22:27:57.472Z", "value": 72.40622781659346, "unit": "kg", "quality_flag": "OK"}}, {"model": "emissions.sensorreading", "pk": 21, "fields": {"sensor": 1, "timestamp": "2025-10-04T21:27:57.472Z", "value": 78.24731998984497, "unit": "kg", "quality_flag": "OK"}}, {"model": "emissions.sensorreading", "pk": 22, "fields": {"sensor": 1, "timestamp": "2025-10-04T20:27:57.472Z", "value": 22.986262822108067, "unit": "kg", "quality_flag": "OK"}}, {"model": "emissions.sensorreading", "pk": 23, "fields": {"sensor": 1, "timestamp": "2025-10-04T19:27:57.472Z", "value": 62.68469848877478, "unit": "kg", "quality_flag": "OK"}}, {"model": "emissions.sensorreading", "pk": 24, "fields": {"sensor": 1, "timestamp": "2025-10-04T18:27:57.472Z", "value": 52.578690083187816, "unit": "kg", "quality_flag": "OK"}}, {"model": "emissions.sensorreading", "pk": 25, "fields": {"sensor": 1, "timestamp": "2025-10-04T17:27:57.472Z", "value": 67.38146257160304, "unit": "kg", "quality_flag": "OK"}}, {"model": "emissions.sensorreading", "pk": 26, "fields": {"sensor": 1, "timestamp": "2025-10-04T16:27:57.472Z", "value": 12.809316706367008, "unit": "kg", "quality_flag": "OK"}}, {"model": "emissions.sensorreading", "pk": 27, "fields": {"sensor": 1, "timestamp": "2025-10-04T15:27:57.472Z", "value": 17.139160098869258, "unit": "kg", "quality_flag": "OK"}}, {"model": "emissions.sensorreading", "pk": 28, "fields": {"sensor": 1, "timestamp": "2025-10-04T14:27:57.472Z", "value": 89.88970958690206, "unit": "kg", "quality_flag": "OK"}}, {"model": "emissions.sensorreading", "pk": 29, "fields": {"sensor": 1, "timestamp": "2025-10-04T13:27:57.472Z", "value": 54.14715608297771, "unit": "kg", "quality_flag": "OK"}}, {"model": "emissions.sensorreading", "pk": 30, "fields": {"sensor": 1, "timestamp": "2025-10-04T12:27:57.472Z", "value": 45.417095060849284, "unit": "kg", "quality_flag": "OK"}}, {"model": "emissions.sensorreading", "pk": 31, "fields": {"sensor": 1, "timestamp": "2025-10-04T11:27:57.472Z", "value": 87.43578711353052, "unit": "kg", "quality_flag": "OK"}}, {"model": "emissions.sensorreading", "pk": 32, "fields": {"sensor": 1, "timestamp": "2025-10-04T10:27:57.472Z", "value": 40.64600605187498, "unit": "kg", "quality_flag": "OK"}}, {"model": "emissions.sensorreading", "pk": 33, "fields": {"sensor": 1, "timestamp": "2025-10-04T09:27:57.472Z", "value": 89.79445682507799, "unit": "kg", "quality_flag": "OK"}}, {"model": "emissions.sensorreading", "pk": 34, "fields": {"sensor": 1, "timestamp": "2025-10-04T08:27:57.472Z", "value": 73.45917662769958, "unit": "kg", "quality_flag": "OK"}}, {"model": "emissions.sensorreading", "pk": 35, "fields": {"sensor": 1, "timestamp": "2025-10-04T07:27:57.472Z", "value": 38.936312870963256, "unit": "kg", "quality_flag": "OK"}}, {"model": "emissions.sensorreading", "pk": 36, "fields": {"sensor": 1, "timestamp": "2025-10-04T06:27:57.472Z", "value": 46.29266964635227, "unit": "kg", "quality_flag": "OK"}}, {"model": "emissions.sensorreading", "pk": 37, "fields": {"sensor": 1, "timestamp": "2025-10-04T05:27:57.472Z", "value": 44.282643579757966, "unit": "kg", "quality_flag": "OK"}}, {"model": "emissions.sensorreading", "pk": 38, "fields": {"sensor": 1, "timestamp": "2025-10-04T04:27:57.472Z", "value": 76.25729096691512, "unit": "kg", "quality_flag": "OK"}}, {"model": "emissions.sensorreading", "pk": 39, "fields": {"sensor": 1, "timestamp": "2025-10-04T03:27:57.472Z", "value": 72.03774186130633, "unit": "kg", "quality_flag": "OK"}}, {"model": "emissions.sensorreading", "pk": 40, "fields": {"sensor": 1, "timestamp": "2025-10-04T02:27:57.472Z", "value": 36.24161682897085, "unit": "kg", "quality_flag": "OK"}}, {"model": "emissions.sensorreading", "pk": 41, "fields": {"sensor": 1, "timestamp": "2025-10-04T01:27:57.472Z", "value": 76.50391232028466, "unit": "kg", "quality_flag": "OK"}}, {"model": "emissions.sensorreading", "pk": 42, "fields": {"sensor": 1, "timestamp": "2025-10-04T00:27:57.472Z", "value": 18.658523492395148, "unit": "kg", "quality_flag": "OK"}}, {"model": "emissions.sensorreading", "pk": 43, "fields": {"sensor": 1, "timestamp": "2025-10-03T23:27:57.472Z", "value": 54.17178422317995, "unit": "kg", "quality_flag": "OK"}}, {"model": "emissions.sensorreading", "pk": 44, "fields": {"sensor": 1, "timestamp": "2025-10-03T22:27:57.472Z", "value": 17.44742160330901, "unit": "kg", "quality_flag": "OK"}}, {"model": "emissions.sensorreading", "pk": 45, "fields": {"sensor": 1, "timestamp": "2025-10-03T21:27:57.472Z", "value": 70.34156819091857, "unit": "kg", "quality_flag": "OK"}}, {"model": "emissions.sensorreading", "pk": 46, "fields": {"sensor": 1, "timestamp": "2025-10-03T20:27:57.472Z", "value": 76.0339026204772, "unit": "kg", "quality_flag": "OK"}}, {"model": "emissions.sensorreading", "pk": 47, "fields": {"sensor": 1, "timestamp": "2025-10-03T19:27:57.472Z", "value": 40.06572074267651, "unit": "kg", "quality_flag": "OK"}}, {"model": "emissions.sensorreading", "pk": 48, "fields": {"sensor": 1, "timestamp": "2025-10-03T18:27:57.472Z", "value": 45.42906878919094, "unit": "kg", "quality_flag": "OK"}}, {"model": "emissions.sensorreading", "pk": 49, "fields": {"sensor": 1, "timestamp": "2025-10-03T17:27:57.472Z", "value": 70.9018101265425, "unit": "kg", "quality_flag": "OK"}}, {"model": "emissions.sensorreading", "pk": 50, "fields": {"sensor": 1, "timestamp": "2025-10-03T16:27:57.472Z", "value": 37.03165269597224, "unit": "kg", "quality_flag": "OK"}}, {"model": "emissions.sensorreading", "pk": 51, "fields": {"sensor": 2, "timestamp": "2025-10-05T17:27:57.472Z", "value": 2.4700708545465706, "unit": "ppm", "quality_flag": "OK"}}, {"model": "emissions.sensorreading", "pk": 52, "fields": {"sensor": 2, "timestamp": "2025-10-05T16:27:57.472Z", "value": 2.4729001049687875, "unit": "ppm", "quality_flag": "OK"}}, {"model": "emissions.sensorreading", "pk": 53, "fields": {"sensor": 2, "timestamp": "2025-10-05T15:27:57.472Z", "value": 2.1227574107360585, "unit": "ppm", "quality_flag": "OK"}}, {"model": "emissions.sensorreading", "pk": 54, "fields": {"sensor": 2, "timestamp": "2025-10-05T14:27:57.472Z", "value": 2.4254706384382825, "unit": "ppm", "quality_flag": "OK"}}, {"model": "emissions.sensorreading", "pk": 55, "fields": {"sensor": 2, "timestamp": "2025-10-05T13:27:57.472Z", "value": 1.887088175745017, "unit": "ppm", "quality_flag": "OK"}}, {"model": "emissions.sensorreading", "pk": 56, "fields": {"sensor": 2, "timestamp": "2025-10-05T12:27:57.472Z", "value": 1.8886968332858638, "unit": "ppm", "quality_flag": "OK"}}, {"model": "emissions.sensorreading", "pk": 57, "fields": {"sensor": 2, "timestamp": "2025-10-05T11:27:57.472Z", "value": 1.914123451862427, "unit": "ppm", "quality_flag": "OK"}}, {"model": "emissions.sensorreading", "pk": 58, "fields": {"sensor": 2, "timestamp": "2025-10-05T10:27:57.472Z", "value": 2.1793738864111756, "unit": "ppm", "quality_flag": "OK"}}, {"model": "emissions.sensorreading", "pk": 59, "fields": {"sensor": 2, "timestamp": "2025-10-05T09:27:57.472Z", "value": 2.4615006040197533, "unit": "ppm", "quality_flag": "OK"}}, {"model": "emissions.sensorreading", "pk": 60, "fields": {"sensor": 2, "timestamp": "2025-10-05T08:27:57.472Z", "value": 2.4059078376396954, "unit": "ppm", "quality_flag": "OK"}}, {"model": "emissions.sensorreading", "pk": 61, "fields": {"sensor": 2, "timestamp": "2025-10-05T07:27:57.472Z", "value": 1.8518335053346862, "unit": "ppm", "quality_flag": "OK"}}, {"model": "emissions.sensorreading", "pk": 62, "fields": {"sensor": 2, "timestamp": "2025-10-05T06:27:57.472Z", "value": 1.8409098198569578, "unit": "ppm", "quality_flag": "OK"}}, {"model": "emissions.sensorreading", "pk": 63, "fields": {"sensor": 2, "timestamp": "2025-10-05T05:27:57.472Z", "value": 1.9077801800346486, "unit": "ppm", "quality_flag": "OK"}}, {"model": "emissions.sensorreading", "pk": 64, "fields": {"sensor": 2, "timestamp": "2025-10-05T04:27:57.472Z", "value": 1.8210193997514745, "unit": "ppm", "quality_flag": "OK"}}, {"model": "emissions.sensorreading", "pk": 65, "fields": {"sensor": 2, "timestamp": "2025-10-05T03:27:57.472Z", "value": 2.165731852362232, "unit": "ppm", "quality_flag": "OK"}}, {"model": "emissions.sensorreading", "pk": 66, "fields": {"sensor": 2, "timestamp": "2025-10-05T02:27:57.472Z", "value": 2.463683736761678, "unit": "ppm", "quality_flag": "OK"}}, {"model": "emissions.sensorreading", "pk": 67, "fields": {"sensor": 2, "timestamp": "2025-10-05T01:27:57.472Z", "value": 2.4351710615726745, "unit": "ppm", "quality_flag": "OK"}}, {"model": "emissions.sensorreading", "pk": 68, "fields": {"sensor": 2, "timestamp": "2025-10-05T00:27:57.472Z", "value": 1.9529613716408945, "unit": "ppm", "quality_flag": "OK"}}, {"model": "emissions.sensorreading", "pk": 69, "fields": {"sensor": 2, "timestamp": "2025-10-04T23:27:57.472Z", "value": 2.193016915558848, "unit": "ppm", "quality_flag": "OK"}}, {"model": "emissions.sensorreading", "pk": 70, "fields": {"sensor": 2, "timestamp": "2025-10-04T22:27:57.472Z", "value": 2.0214777237794905, "unit": "ppm", "quality_flag": "OK"}}, {"model": "emissions.sensorreading", "pk": 71, "fields": {"sensor": 2, "timestamp": "2025-10-04T21:27:57.472Z", "value": 2.4467228114855244, "unit": "ppm", "quality_flag": "OK"}}, {"model": "emissions.sensorreading", "pk": 72, "fields": {"sensor": 2, "timestamp": "2025-10-04T20:27:57.472Z", "value": 2.107343926112594, "unit": "ppm", "quality_flag": "OK"}}, {"model": "emissions.sensorreading", "pk": 73, "fields": {"sensor": 2, "timestamp": "2025-10-04T19:27:57.472Z", "value": 1.9385327156879462, "unit": "ppm", "quality_flag": "OK"}}, {"model": "emissions.sensorreading", "pk": 74, "fields": {"sensor": 2, "timestamp": "2025-10-04T18:27:57.472Z", "value": 2.0276204225096364, "unit": "ppm", "quality_flag": "OK"}}, {"model": "emissions.sensorreading", "pk": 75, "fields": {"sensor": 2, "timestamp": "2025-10-04T17:27:57.472Z", "value": 2.147243860006256, "unit": "ppm", "quality_flag": "OK"}}, {"model": "emissions.sensorreading", "pk": 76, "fields": {"sensor": 2, "timestamp": "2025-10-04T16:27:57.472Z", "value": 1.9076441046994255, "unit": "ppm", "quality_flag": "OK"}}, {"model": "emissions.sensorreading", "pk": 77, "fields": {"sensor": 2, "timestamp": "2025-10-04T15:27:57.472Z", "value": 1.8335361858862225, "unit": "ppm", "quality_flag": "OK"}}, {"model": "emissions.sensorreading", "pk": 78, "fields": {"sensor": 2, "timestamp": "2025-10-04T14:27:57.472Z", "value": 2.3591351199557793, "unit": "ppm", "quality_flag": "OK"}}, {"model": "emissions.sensorreading", "pk": 79, "fields": {"sensor": 2, "timestamp": "2025-10-04T13:27:57.472Z", "value": 2.3624600227278316, "unit": "ppm", "quality_flag": "OK"}}, {"model": "emissions.sensorreading", "pk": 80, "fields": {"sensor": 2, "timestamp": "2025-10-04T12:27:57.472Z", "value": 2.3887749503843323, "unit": "ppm", "quality_flag": "OK"}}, {"model": "emissions.sensorreading", "pk": 81, "fields": {"sensor": 2, "timestamp": "2025-10-04T11:27:57.472Z", "value": 1.8052050775291568, "unit": "ppm", "quality_flag": "OK"}}, {"model": "emissions.sensorreading", "pk": 82, "fields": {"sensor": 2, "timestamp": "2025-10-04T10:27:57.472Z", "value": 1.8748305606657696, "unit": "ppm", "quality_flag": "OK"}}, {"model": "emissions.sensorreading", "pk": 83, "fields": {"sensor": 2, "timestamp": "2025-10-04T09:27:57.472Z", "value": 1.8466208971735785, "unit": "ppm", "quality_flag": "OK"}}, {"model": "emissions.sensorreading", "pk": 84, "fields": {"sensor": 2, "timestamp": "2025-10-04T08:27:57.472Z", "value": 2.436910675553075, "unit": "ppm", "quality_flag": "OK"}}, {"model": "emissions.sensorreading", "pk": 85, "fields": {"sensor": 2, "timestamp": "2025-10-04T07:27:57.472Z", "value": 2.1566612391922266, "unit": "ppm", "quality_flag": "OK"}}, {"model": "emissions.sensorreading", "pk": 86, "fields": {"sensor": 2, "timestamp": "2025-10-04T06:27:57.472Z", "value": 2.080756268616023, "unit": "ppm", "quality_flag": "OK"}}, {"model": "emissions.sensorreading", "pk": 87, "fields": {"sensor": 2, "timestamp": "2025-10-04T05:27:57.472Z", "value": 2.352272522032083, "unit": "ppm", "quality_flag": "OK"}}, {"model": "emissions.sensorreading", "pk": 88, "fields": {"sensor": 2, "timestamp": "2025-10-04T04:27:57.472Z", "value": 2.040646658123002, "unit": "ppm", "quality_flag": "OK"}}, {"model": "emissions.sensorreading", "pk": 89, "fields": {"sensor": 2, "timestamp": "2025-10-04T03:27:57.472Z", "value": 1.8710143422632526, "unit": "ppm", "quality_flag": "OK"}}, {"model": "emissions.sensorreading", "pk": 90, "fields": {"sensor": 2, "timestamp": "2025-10-04T02:27:57.472Z", "value": 2.3370097572346826, "unit": "ppm", "quality_flag": "OK"}}, {"model": "emissions.sensorreading", "pk": 91, "fields": {"sensor": 2, "timestamp": "2025-10-04T01:27:57.472Z", "value": 2.165275446159096, "unit": "ppm", "quality_flag": "OK"}}, {"model": "emissions.sensorreading", "pk": 92, "fields": {"sensor": 2, "timestamp": "2025-10-04T00:27:57.472Z", "value": 2.191389855245914, "unit": "ppm", "quality_flag": "OK"}}, {"model": "emissions.sensorreading", "pk": 93, "fields": {"sensor": 2, "timestamp": "2025-10-03T23:27:57.472Z", "value": 2.1297247524590586, "unit": "ppm", "quality_flag": "OK"}}, {"model": "emissions.sensorreading", "pk": 94, "fields": {"sensor": 2, "timestamp": "2025-10-03T22:27:57.472Z", "value": 1.9057654006485112, "unit": "ppm", "quality_flag": "OK"}}, {"model": "emissions.sensorreading", "pk": 95, "fields": {"sensor": 2, "timestamp": "2025-10-03T21:27:57.472Z", "value": 2.293789647407755, "unit": "ppm", "quality_flag": "OK"}}, {"model": "emissions.sensorreading", "pk": 96, "fields": {"sensor": 2, "timestamp": "2025-10-03T20:27:57.472Z", "value": 2.1370994467738247, "unit": "ppm", "quality_flag": "OK"}}, {"model": "emissions.sensorreading", "pk": 97, "fields": {"sensor": 2, "timestamp": "2025-10-03T19:27:57.472Z", "value": 2.094080149995225, "unit": "ppm", "quality_flag": "OK"}}, {"model": "emissions.sensorreading", "pk": 98, "fields": {"sensor": 2, "timestamp": "2025-10-03T18:27:57.472Z", "value": 2.042585382437863, "unit": "ppm", "quality_flag": "OK"}}, {"model": "emissions.sensorreading", "pk": 99, "fields": {"sensor": 2, "timestamp": "2025-10-03T17:27:57.472Z", "value": 2.4919835374507375, "unit": "ppm", "quality_flag": "OK"}}, {"model": "emissions.sensorreading", "pk": 100, "fields": {"sensor": 2, "timestamp": "2025-10-03T16:27:57.472Z", "value": 2.07689432653749, "unit": "ppm", "quality_flag": "OK"}}, {"model": "emissions.sensorreading", "pk": 101, "fields": {"sensor": 2, "timestamp": "2025-10-13T03:52:23.569Z", "value": 45.6, "unit": "ppm", "quality_flag": null}}, {"model": "emissions.sensorreading", "pk": 102, "fields": {"sensor": 2, "timestamp": "2025-10-13T03:53:29.640Z", "value": 45.6, "unit": "ppm", "quality_flag": null}}, {"model": "emissions.sensorreading", "pk": 103, "fields": {"sensor": 2, "timestamp": "2025-10-13T03:54:49.836Z", "value": 45.6, "unit": "ppm", "quality_flag": null}}, {"model": "emissions.sensorreading", "pk": 104, "fields": {"sensor": 4, "timestamp": "2025-10-21T13:04:41.269Z", "value": 33.71, "unit": "ppm", "quality_flag": null}}, {"model": "emissions.sensorreading", "pk": 105, "fields": {"sensor": 4, "timestamp": "2025-10-21T14:04:42.088Z", "value": 40.08, "unit": "ppm", "quality_flag": null}}, {"model": "emissions.sensorreading", "pk": 106, "fields": {"sensor": 4, "timestamp": "2025-10-21T15:04:42.805Z", "value": 15.61, "unit": "ppm", "quality_flag": null}}, {"model": "emissions.sensorreading", "pk": 107, "fields": {"sensor": 4, "timestamp": "2025-10-21T16:04:43.522Z", "value": 45.82, "unit": "ppm", "quality_flag": null}}, {"model": "emissions.sensorreading", "pk": 108, "fields": {"sensor": 4, "timestamp": "2025-10-21T17:04:44.238Z", "value": 44.25, "unit": "ppm", "quality_flag": null}}, {"model": "emissions.sensorreading", "pk": 109, "fields": {"sensor": 4, "timestamp": "2025-10-21T18:04:44.955Z", "value": 35.49, "unit": "ppm", "quality_flag": null}}, {"model": "emissions.sensorreading", "pk": 110, "fields": {"sensor": 4, "timestamp": "2025-10-21T19:04:45.774Z", "value": 26.32, "unit": "ppm", "quality_flag": null}}, {"model": "emissions.sensorreading", "pk": 111, "fields": {"sensor": 4, "timestamp": "2025-10-21T20:04:46.389Z", "value": 45.72, "unit": "ppm", "quality_flag": null}}, {"model": "emissions.sensorreading", "pk": 112, "fields": {"sensor": 4, "timestamp": "2025-10-21T21:04:47.208Z", "value": 38.08, "unit": "ppm", "quality_flag": null}}, {"model": "emissions.sensorreading", "pk": 113, "fields": {"sensor": 4, "timestamp": "2025-10-21T22:04:47.925Z", "value": 11.08, "unit": "ppm", "quality_flag": null}}, {"model": "emissions.sensorreading", "pk": 114, "fields": {"sensor": 5, "timestamp": "2025-10-21T13:04:50.486Z", "value": 16.49, "unit": "ppm", "quality_flag": null}}, {"model": "emissions.sensorreading", "pk": 115, "fields": {"sensor": 5, "timestamp": "2025-10-21T14:04:51.202Z", "value": 41.22, "unit": "ppm", "quality_flag": null}}, {"model": "emissions.sensorreading", "pk": 116, "fields": {"sensor": 5, "timestamp": "2025-10-21T15:04:51.918Z", "value": 11.23, "unit": "ppm", "quality_flag": null}}, {"model": "emissions.sensorreading", "pk": 117, "fields": {"sensor": 5, "timestamp": "2025-10-21T16:04:52.635Z", "value": 9.51, "unit": "ppm", "quality_flag": null}}, {"model": "emissions.sensorreading", "pk": 118, "fields": {"sensor": 5, "timestamp": "2025-10-21T17:04:53.457Z", "value": 22.02, "unit": "ppm", "quality_flag": null}}, {"model": "emissions.sensorreading", "pk": 119, "fields": {"sensor": 5, "timestamp": "2025-10-21T18:04:54.069Z", "value": 21.78, "unit": "ppm", "quality_flag": null}}, {"model": "emissions.sensorreading", "pk": 120, "fields": {"sensor": 5, "timestamp": "2025-10-21T19:04:54.888Z", "value": 25.14, "unit": "ppm", "quality_flag": null}}, {"model": "emissions.sensorreading", "pk": 121, "fields": {"sensor": 5, "timestamp": "2025-10-21T20:04:55.605Z", "value": 40.89, "unit": "ppm", "quality_flag": null}}, {"model": "emissions.sensorreading", "pk": 122, "fields": {"sensor": 5, "timestamp": "2025-10-21T21:04:56.321Z", "value": 12.56, "unit": "ppm", "quality_flag": null}}, {"model": "emissions.sensorreading", "pk": 123, "fields": {"sensor": 5, "timestamp": "2025-10-21T22:04:57.039Z", "value": 41.93, "unit": "ppm", "quality_flag": null}}, {"model": "emissions.sensorreading", "pk": 124, "fields": {"sensor": 6, "timestamp": "2025-10-21T13:04:59.599Z", "value": 39.29, "unit": "ppm", "quality_flag": null}}, {"model": "emissions.sensorreading", "pk": 125, "fields": {"sensor": 6, "timestamp": "2025-10-21T14:05:00.213Z", "value": 25.14, "unit": "ppm", "quality_flag": null}}, {"model": "emissions.sensorreading", "pk": 126, "fields": {"sensor": 6, "timestamp": "2025-10-21T15:05:00.828Z", "value": 22.98, "unit": "ppm", "quality_flag": null}}, {"model": "emissions.sensorreading", "pk": 127, "fields": {"sensor": 6, "timestamp": "2025-10-21T16:05:01.442Z", "value": 19.38, "unit": "ppm", "quality_flag": null}}, {"model": "emissions.sensorreading", "pk": 128, "fields": {"sensor": 6, "timestamp": "2025-10-21T17:05:02.056Z", "value": 20.61, "unit": "ppm", "quality_flag": null}}, {"model": "emissions.sensorreading", "pk": 129, "fields": {"sensor": 6, "timestamp": "2025-10-21T18:05:02.773Z", "value": 5.35, "unit": "ppm", "quality_flag": null}}, {"model": "emissions.sensorreading", "pk": 130, "fields": {"sensor": 6, "timestamp": "2025-10-21T19:05:03.695Z", "value": 36.93, "unit": "ppm", "quality_flag": null}}, {"model": "emissions.sensorreading", "pk": 131, "fields": {"sensor": 6, "timestamp": "2025-10-21T20:05:04.308Z", "value": 26.33, "unit": "ppm", "quality_flag": null}}, {"model": "emissions.sensorreading", "pk": 132, "fields": {"sensor": 6, "timestamp": "2025-10-21T21:05:05.026Z", "value": 26.76, "unit": "ppm", "quality_flag": null}}, {"model": "emissions.sensorreading", "pk": 133, "fields": {"sensor": 6, "timestamp": "2025-10-21T22:05:05.845Z", "value": 30.16, "unit": "ppm", "quality_flag": null}}, {"model": "emissions.sensorreading", "pk": 134, "fields": {"sensor": 7, "timestamp": "2025-10-21T13:05:08.406Z", "value": 47.98, "unit": "ppm", "quality_flag": null}}, {"model": "emissions.sensorreading", "pk": 135, "fields": {"sensor": 7, "timestamp": "2025-10-21T14:05:09.122Z", "value": 39.35, "unit": "ppm", "quality_flag": null}}, {"model": "emissions.sensorreading", "pk": 136, "fields": {"sensor": 7, "timestamp": "2025-10-21T15:05:09.839Z", "value": 7.57, "unit": "ppm", "quality_flag": null}}, {"model": "emissions.sensorreading", "pk": 137, "fields": {"sensor": 7, "timestamp": "2025-10-21T16:05:10.558Z", "value": 43.84, "unit": "ppm", "quality_flag": null}}, {"model": "emissions.sensorreading", "pk": 138, "fields": {"sensor": 7, "timestamp": "2025-10-21T17:05:11.273Z", "value": 24.75, "unit": "ppm", "quality_flag": null}}, {"model": "emissions.sensorreading", "pk": 139, "fields": {"sensor": 7, "timestamp": "2025-10-21T18:05:11.989Z", "value": 11.66, "unit": "ppm", "quality_flag": null}}, {"model": "emissions.sensorreading", "pk": 140, "fields": {"sensor": 7, "timestamp": "2025-10-21T19:05:12.809Z", "value": 30.91, "unit": "ppm", "quality_flag": null}}, {"model": "emissions.sensorreading", "pk": 141, "fields": {"sensor": 7, "timestamp": "2025-10-21T20:05:13.525Z", "value": 30.07, "unit": "ppm", "quality_flag": null}}, {"model": "emissions.sensorreading", "pk": 142, "fields": {"sensor": 7, "timestamp": "2025-10-21T21:05:14.241Z", "value": 10.77, "unit": "ppm", "quality_flag": null}}, {"model": "emissions.sensorreading", "pk": 143, "fields": {"sensor": 7, "timestamp": "2025-10-21T22:05:14.959Z", "value": 31.94, "unit": "ppm", "quality_flag": null}}, {"model": "emissions.emissioncalculation", "pk": 1, "fields": {"mine": 1, "pollutant": 10, "period_start": "2025-10-04T00:00:00Z", "period_end": "2025-10-05T00:00:00Z", "emission_value": 0.0, "unit": "kg", "co2_equivalent": 0.0, "method_notes": "Manual aggregation from sensor readings"}}, {"model": "emissions.emissioncalculation", "pk": 2, "fields": {"mine": 1, "pollutant": 2, "period_start": "2025-10-13T03:54:49.836Z", "period_end": "2025-10-13T03:54:49.836Z", "emission_value": 45.6, "unit": "ppm", "co2_equivalent": 1276.8, "method_notes": "Auto-calculated from sensor: Methane Sensor 1"}}, {"model": "emissions.emissioncalculation", "pk": 3, "fields": {"mine": 1, "pollutant": 4, "period_start": "2025-10-21T13:04:41.269Z", "period_end": "2025-10-21T13:04:41.269Z", "emission_value": 33.71, "unit": "ppm", "co2_equivalent": 33.71, "method_notes": "Auto-calculated from sensor: SO2 Sensor 1"}}, {"model": "emissions.emissioncalculation", "pk": 4, "fields": {"mine": 1, "pollutant": 4, "period_start": "2025-10-21T14:04:42.088Z", "period_end": "2025-10-21T14:04:42.088Z", "emission_value": 40.08, "unit": "ppm", "co2_equivalent": 40.08, "method_notes": "Auto-calculated from sensor: SO2 Sensor 1"}}, {"model": "emissions.emissioncalculation", "pk": 5, "fields": {"mine": 1, "pollutant": 4, "period_start": "2025-10-21T15:04:42.805Z", "period_end": "2025-10-21T15:04:42.805Z", "emission_value": 15.61, "unit": "ppm", "co2_equivalent": 15.61, "method_notes": "Auto-calculated from sensor: SO2 Sensor 1"}}, {"model": "emissions.emissioncalculation", "pk": 6, "fields": {"mine": 1, "pollutant": 4, "period_start": "2025-10-21T16:04:43.522Z", "period_end": "2025-10-21T16:04:43.522Z", "emission_value": 45.82, "unit": "ppm", "co2_equivalent": 45.82, "method_notes": "Auto-calculated from sensor: SO2 Sensor 1"}}, {"model": "emissions.emissioncalculation", "pk": 7, "fields": {"mine": 1, "pollutant": 4, "period_start": "2025-10-21T17:04:44.238Z", "period_end": "2025-10-21T17:04:44.238Z", "emission_value": 44.25, "unit": "ppm", "co2_equivalent": 44.25, "method_notes": "Auto-calculated from sensor: SO2 Sensor 1"}}, {"model": "emissions.emissioncalculation", "pk": 8, "fields": {"mine": 1, "pollutant": 4, "period_start": "2025-10-21T18:04:44.955Z", "period_end": "2025-10-21T18:04:44.955Z", "emission_value": 35.49, "unit": "ppm", "co2_equivalent": 35.49, "method_notes": "Auto-calculated from sensor: SO2 Sensor 1"}}, {"model": "emissions.emissioncalculation", "pk": 9, "fields": {"mine": 1, "pollutant": 4, "period_start": "2025-10-21T19:04:45.774Z", "period_end": "2025-10-21T19:04:45.774Z", "emission_value": 26.32, "unit": "ppm", "co2_equivalent": 26.32, "method_notes": "Auto-calculated from sensor: SO2 Sensor 1"}}, {"model": "emissions.emissioncalculation", "pk": 10, "fields": {"mine": 1, "pollutant": 4, "period_start": "2025-10-21T20:04:46.389Z", "period_end": "2025-10-21T20:04:46.389Z", "emission_value": 45.72, "unit": "ppm", "co2_equivalent": 45.72, "method_notes": "Auto-calculated from sensor: SO2 Sensor 1"}}, {"model": "emissions.emissioncalculation", "pk": 11, "fields": {"mine": 1, "pollutant": 4, "period_start": "2025-10-21T21:04:47.208Z", "period_end": "2025-10-21T21:04:47.208Z", "emission_value": 38.08, "unit": "ppm", "co2_equivalent": 38.08, "method_notes": "Auto-calculated from sensor: SO2 Sensor 1"}}, {"model": "emissions.emissioncalculation", "pk": 12, "fields": {"mine": 1, "pollutant": 4, "period_start": "2025-10-21T22:04:47.925Z", "period_end": "2025-10-21T22:04:47.925Z", "emission_value": 11.08, "unit": "ppm", "co2_equivalent": 11.08, "method_notes": "Auto-calculated from sensor: SO2 Sensor 1"}}, {"model": "emissions.emissioncalculation", "pk": 13, "fields": {"mine": 1, "pollutant": 5, "period_start": "2025-10-21T13:04:50.486Z", "period_end": "2025-10-21T13:04:50.486Z", "emission_value": 16.49, "unit": "ppm", "co2_equivalent": 16.49, "method_notes": "Auto-calculated from sensor: NOx Sensor 1"}}, {"model": "emissions.emissioncalculation", "pk": 14, "fields": {"mine": 1, "pollutant": 5, "period_start": "2025-10-21T14:04:51.202Z", "period_end": "2025-10-21T14:04:51.202Z", "emission_value": 41.22, "unit": "ppm", "co2_equivalent": 41.22, "method_notes": "Auto-calculated from sensor: NOx Sensor 1"}}, {"model": "emissions.emissioncalculation", "pk": 15, "fields": {"mine": 1, "pollutant": 5, "period_start": "2025-10-21T15:04:51.918Z", "period_end": "2025-10-21T15:04:51.918Z", "emission_value": 11.23, "unit": "ppm", "co2_equivalent": 11.23, "method_notes": "Auto-calculated from sensor: NOx Sensor 1"}}, {"model": "emissions.emissioncalculation", "pk": 16, "fields": {"mine": 1, "pollutant": 5, "period_start": "2025-10-21T16:04:52.635Z", "period_end": "2025-10-21T16:04:52.635Z", "emission_value": 9.51, "unit": "ppm", "co2_equivalent": 9.51, "method_notes": "Auto-calculated from sensor: NOx Sensor 1"}}, {"model": "emissions.emissioncalculation", "pk": 17, "fields": {"mine": 1, "pollutant": 5, "period_start": "2025-10-21T17:04:53.457Z", "period_end": "2025-10-21T17:04:53.457Z", "emission_value": 22.02, "unit": "ppm", "co2_equivalent": 22.02, "method_notes": "Auto-calculated from sensor: NOx Sensor 1"}}, {"model": "emissions.emissioncalculation", "pk": 18, "fields": {"mine": 1, "pollutant": 5, "period_start": "2025-10-21T18:04:54.069Z", "period_end": "2025-10-21T18:04:54.069Z", "emission_value": 21.78, "unit": "ppm", "co2_equivalent": 21.78, "method_notes": "Auto-calculated from sensor: NOx Sensor 1"}}, {"model": "emissions.emissioncalculation", "pk": 19, "fields": {"mine": 1, "pollutant": 5, "period_start": "2025-10-21T19:04:54.888Z", "period_end": "2025-10-21T19:04:54.888Z", "emission_value": 25.14, "unit": "ppm", "co2_equivalent": 25.14, "method_notes": "Auto-calculated from sensor: NOx Sensor 1"}}, {"model": "emissions.emissioncalculation", "pk": 20, "fields": {"mine": 1, "pollutant": 5, "period_start": "2025-10-21T20:04:55.605Z", "period_end": "2025-10-21T20:04:55.605Z", "emission_value": 40.89, "unit": "ppm", "co2_equivalent": 40.89, "method_notes": "Auto-calculated from sensor: NOx Sensor 1"}}, {"model": "emissions.emissioncalculation", "pk": 21, "fields": {"mine": 1, "pollutant": 5, "period_start": "2025-10-21T21:04:56.321Z", "period_end": "2025-10-21T21:04:56.321Z", "emission_value": 12.56, "unit": "ppm", "co2_equivalent": 12.56, "method_notes": "Auto-calculated from sensor: NOx Sensor 1"}}, {"model": "emissions.emissioncalculation", "pk": 22, "fields": {"mine": 1, "pollutant": 5, "period_start": "2025-10-21T22:04:57.039Z", "period_end": "2025-10-21T22:04:57.039Z", "emission_value": 41.93, "unit": "ppm", "co2_equivalent": 41.93, "method_notes": "Auto-calculated from sensor: NOx Sensor 1"}}, {"model": "emissions.emissioncalculation", "pk": 23, "fields": {"mine": 1, "pollutant": 7, "period_start": "2025-10-21T13:04:59.599Z", "period_end": "2025-10-21T13:04:59.599Z", "emission_value": 39.29, "unit": "ppm", "co2_equivalent": 39.29, "method_notes": "Auto-calculated from sensor: PM2.5 Sensor 1"}}, {"model": "emissions.emissioncalculation", "pk": 24, "fields": {"mine": 1, "pollutant": 7, "period_start": "2025-10-21T14:05:00.213Z", "period_end": "2025-10-21T14:05:00.213Z", "emission_value": 25.14, "unit": "ppm", "co2_equivalent": 25.14, "method_notes": "Auto-calculated from sensor: PM2.5 Sensor 1"}}, {"model": "emissions.emissioncalculation", "pk": 25, "fields": {"mine": 1, "pollutant": 7, "period_start": "2025-10-21T15:05:00.828Z", "period_end": "2025-10-21T15:05:00.828Z", "emission_value": 22.98, "unit": "ppm", "co2_equivalent": 22.98, "method_notes": "Auto-calculated from sensor: PM2.5 Sensor 1"}}, {"model": "emissions.emissioncalculation", "pk": 26, "fields": {"mine": 1, "pollutant": 7, "period_start": "2025-10-21T16:05:01.442Z", "period_end": "2025-10-21T16:05:01.442Z", "emission_value": 19.38, "unit": "ppm", "co2_equivalent": 19.38, "method_notes": "Auto-calculated from sensor: PM2.5 Sensor 1"}}, {"model": "emissions.emissioncalculation", "pk": 27, "fields": {"mine": 1, "pollutant": 7, "period_start": "2025-10-21T17:05:02.056Z", "period_end": "2025-10-21T17:05:02.056Z", "emission_value": 20.61, "unit": "ppm", "co2_equivalent": 20.61, "method_notes": "Auto-calculated from sensor: PM2.5 Sensor 1"}}, {"model": "emissions.emissioncalculation", "pk": 28, "fields": {"mine": 1, "pollutant": 7, "period_start": "2025-10-21T18:05:02.773Z", "period_end": "2025-10-21T18:05:02.773Z", "emission_value": 5.35, "unit": "ppm", "co2_equivalent": 5.35, "method_notes": "Auto-calculated from sensor: PM2.5 Sensor 1"}}, {"model": "emissions.emissioncalculation", "pk": 29, "fields": {"mine": 1, "pollutant": 7, "period_start": "2025-10-21T19:05:03.695Z", "period_end": "2025-10-21T19:05:03.695Z", "emission_value": 36.93, "unit": "ppm", "co2_equivalent": 36.93, "method_notes": "Auto-calculated from sensor: PM2.5 Sensor 1"}}, {"model": "emissions.emissioncalculation", "pk": 30, "fields": {"mine": 1, "pollutant": 7, "period_start": "2025-10-21T20:05:04.308Z", "period_end": "2025-10-21T20:05:04.308Z", "emission_value": 26.33, "unit": "ppm", "co2_equivalent": 26.33, "method_notes": "Auto-calculated from sensor: PM2.5 Sensor 1"}}, {"model": "emissions.emissioncalculation", "pk": 31, "fields": {"mine": 1, "pollutant": 7, "period_start": "2025-10-21T21:05:05.026Z", "period_end": "2025-10-21T21:05:05.026Z", "emission_value": 26.76, "unit": "ppm", "co2_equivalent": 26.76, "method_notes": "Auto-calculated from sensor: PM2.5 Sensor 1"}}, {"model": "emissions.emissioncalculation", "pk": 32, "fields": {"mine": 1, "pollutant": 7, "period_start": "2025-10-21T22:05:05.845Z", "period_end": "2025-10-21T22:05:05.845Z", "emission_value": 30.16, "unit": "ppm", "co2_equivalent": 30.16, "method_notes": "Auto-calculated from sensor: PM2.5 Sensor 1"}}, {"model": "emissions.emissioncalculation", "pk": 33, "fields": {"mine": 1, "pollutant": 6, "period_start": "2025-10-21T13:05:08.406Z", "period_end": "2025-10-21T13:05:08.406Z", "emission_value": 47.98, "unit": "ppm", "co2_equivalent": 47.98, "method_notes": "Auto-calculated from sensor: CO Sensor 1"}}, {"model": "emissions.emissioncalculation", "pk": 34, "fields": {"mine": 1, "pollutant": 6, "period_start": "2025-10-21T14:05:09.122Z", "period_end": "2025-10-21T14:05:09.122Z", "emission_value": 39.35, "unit": "ppm", "co2_equivalent": 39.35, "method_notes": "Auto-calculated from sensor: CO Sensor 1"}}, {"model": "emissions.emissioncalculation", "pk": 35, "fields": {"mine": 1, "pollutant": 6, "period_start": "2025-10-21T15:05:09.839Z", "period_end": "2025-10-21T15:05:09.839Z", "emission_value": 7.57, "unit": "ppm", "co2_equivalent": 7.57, "method_notes": "Auto-calculated from sensor: CO Sensor 1"}}, {"model": "emissions.emissioncalculation", "pk": 36, "fields": {"mine": 1, "pollutant": 6, "period_start": "2025-10-21T16:05:10.558Z", "period_end": "2025-10-21T16:05:10.558Z", "emission_value": 43.84, "unit": "ppm", "co2_equivalent": 43.84, "method_notes": "Auto-calculated from sensor: CO Sensor 1"}}, {"model": "emissions.emissioncalculation", "pk": 37, "fields": {"mine": 1, "pollutant": 6, "period_start": "2025-10-21T17:05:11.273Z", "period_end": "2025-10-21T17:05:11.273Z", "emission_value": 24.75, "unit": "ppm", "co2_equivalent": 24.75, "method_notes": "Auto-calculated from sensor: CO Sensor 1"}}, {"model": "emissions.emissioncalculation", "pk": 38, "fields": {"mine": 1, "pollutant": 6, "period_start": "2025-10-21T18:05:11.989Z", "period_end": "2025-10-21T18:05:11.989Z", "emission_value": 11.66, "unit": "ppm", "co2_equivalent": 11.66, "method_notes": "Auto-calculated from sensor: CO Sensor 1"}}, {"model": "emissions.emissioncalculation", "pk": 39, "fields": {"mine": 1, "pollutant": 6, "period_start": "2025-10-21T19:05:12.809Z", "period_end": "2025-10-21T19:05:12.809Z", "emission_value": 30.91, "unit": "ppm", "co2_equivalent": 30.91, "method_notes": "Auto-calculated from sensor: CO Sensor 1"}}, {"model": "emissions.emissioncalculation", "pk": 40, "fields": {"mine": 1, "pollutant": 6, "period_start": "2025-10-21T20:05:13.525Z", "period_end": "2025-10-21T20:05:13.525Z", "emission_value": 30.07, "unit": "ppm", "co2_equivalent": 30.07, "method_notes": "Auto-calculated from sensor: CO Sensor 1"}}, {"model": "emissions.emissioncalculation", "pk": 41, "fields": {"mine": 1, "pollutant": 6, "period_start": "2025-10-21T21:05:14.241Z", "period_end": "2025-10-21T21:05:14.241Z", "emission_value": 10.77, "unit": "ppm", "co2_equivalent": 10.77, "method_notes": "Auto-calculated from sensor: CO Sensor 1"}}, {"model": "emissions.emissioncalculation", "pk": 42, "fields": {"mine": 1, "pollutant": 6, "period_start": "2025-10-21T22:05:14.959Z", "period_end": "2025-10-21T22:05:14.959Z", "emission_value": 31.94, "unit": "ppm", "co2_equivalent": 31.94, "method_notes": "Auto-calculated from sensor: CO Sensor 1"}}, {"model": "admin.logentry", "pk": 1, "fields": {"action_time": "2025-10-05T09:57:49.807Z", "user": 1, "content_type": 2, "object_id": "1", "object_repr": "Chhattisgarh Coal Ltd", "action_flag": 1, "change_message": "[{\"added\": {}}]"}}, {"model": "admin.logentry", "pk": 2, "fields": {"action_time": "2025-10-05T17:18:23.515Z", "user": 1, "content_type": 7, "object_id": "1", "object_repr": "CO2 Sensor 1 (Korba Coal Mine)", "action_flag": 1, "change_message": "[{\"added\": {}}]"}}, {"model": "admin.logentry", "pk": 3, "fields": {"action_time": "2025-10-05T17:20:09.192Z", "user": 1, "content_type": 7, "object_id": "2", "object_repr": "Methane Sensor 1 (Korba Coal Mine)", "action_flag": 1, "change_message": "[{\"added\": {}}]"}}, {"model": "auth.permission", "pk": 1, "fields": {"name": "Can add profile", "content_type": 1, "codename": "add_profile"}}, {"model": "auth.permission", "pk": 2, "fields": {"name": "Can change profile", "content_type": 1, "codename": "change_profile"}}, {"model": "auth.permission", "pk": 3, "fields": {"name": "Can delete profile", "content_type": 1, "codename": "delete_profile"}}, {"model": "auth.permission", "pk": 4, "fields": {"name": "Can view profile", "content_type": 1, "codename": "view_profile"}}, {"model": "auth.permission", "pk": 5, "fields": {"name": "Can add company", "content_type": 2, "codename": "add_company"}}, {"model": "auth.permission", "pk": 6, "fields": {"name": "Can change company", "content_type": 2, "codename": "change_company"}}, {"model": "auth.permission", "pk": 7, "fields": {"name": "Can delete company", "content_type": 2, "codename": "delete_company"}}, {"model": "auth.permission", "pk": 8, "fields": {"name": "Can view company", "content_type": 2, "codename": "view_company"}}, {"model": "auth.permission", "pk": 9, "fields": {"name": "Can add pollutant", "content_type": 3, "codename": "add_pollutant"}}, {"model": "auth.permission", "pk": 10, "fields": {"name": "Can change pollutant", "content_type": 3, "codename": "change_pollutant"}}, {"model": "auth.permission", "pk": 11, "fields": {"name": "Can delete pollutant", "content_type": 3, "codename": "delete_pollutant"}}, {"model": "auth.permission", "pk": 12, "fields": {"name": "Can view pollutant", "content_type": 3, "codename": "view_pollutant"}}, {"model": "auth.permission", "pk": 13, "fields": {"name": "Can add mine", "content_type": 4, "codename": "add_mine"}}, {"model": "auth.permission", "pk": 14, "fields": {"name": "Can change mine", "content_type": 4, "codename": "change_mine"}}, {"model": "auth.permission", "pk": 15, "fields": {"name": "Can delete mine", "content_type": 4, "codename": "delete_mine"}}, {"model": "auth.permission", "pk": 16, "fields": {"name": "Can view mine", "content_type": 4, "codename": "view_mine"}}, {"model": "auth.permission", "pk": 17, "fields": {"name": "Can add emission calculation", "content_type": 5, "codename": "add_emissioncalculation"}}, {"model": "auth.permission", "pk": 18, "fields": {"name": "Can change emission calculation", "content_type": 5, "codename": "change_emissioncalculation"}}, {"model": "auth.permission", "pk": 19, "fields": {"name": "Can delete emission calculation", "content_type": 5, "codename": "delete_emissioncalculation"}}, {"model": "auth.permission", "pk": 20, "fields": {"name": "Can view emission calculation", "content_type": 5, "codename": "view_emissioncalculation"}}, {"model": "auth.permission", "pk": 21, "fields": {"name": "Can add report", "content_type": 6, "codename": "add_report"}}, {"model": "auth.permission", "pk": 22, "fields": {"name": "Can change report", "content_type": 6, "codename": "change_report"}}, {"model": "auth.permission", "pk": 23, "fields": {"name": "Can delete report", "content_type": 6, "codename": "delete_report"}}, {"model": "auth.permission", "pk": 24, "fields": {"name": "Can view report", "content_type": 6, "codename": "view_report"}}, {"model": "auth.permission", "pk": 25, "fields": {"name": "Can add sensor", "content_type": 7, "codename": "add_sensor"}}, {"model": "auth.permission", "pk": 26, "fields": {"name": "Can change sensor", "content_type": 7, "codename": "change_sensor"}}, {"model": "auth.permission", "pk": 27, "fields": {"name": "Can delete sensor", "content_type": 7, "codename": "delete_sensor"}}, {"model": "auth.permission", "pk": 28, "fields": {"name": "Can view sensor", "content_type": 7, "codename": "view_sensor"}}, {"model": "auth.permission", "pk": 29, "fields": {"name": "Can add sensor reading", "content_type": 8, "codename": "add_sensorreading"}}, {"model": "auth.permission", "pk": 30, "fields": {"name": "Can change sensor reading", "content_type": 8, "codename": "change_sensorreading"}}, {"model": "auth.permission", "pk": 31, "fields": {"name": "Can delete sensor reading", "content_type": 8, "codename": "delete_sensorreading"}}, {"model": "auth.permission", "pk": 32, "fields": {"name": "Can view sensor reading", "content_type": 8, "codename": "view_sensorreading"}}, {"model": "auth.permission", "pk": 33, "fields": {"name": "Can add log entry", "content_type": 9, "codename": "add_logentry"}}, {"model": "auth.permission", "pk": 34, "fields": {"name": "Can change log entry", "content_type": 9, "codename": "change_logentry"}}, {"model": "auth.permission", "pk": 35, "fields": {"name": "Can delete log entry", "content_type": 9, "codename": "delete_logentry"}}, {"model": "auth.permission", "pk": 36, "fields": {"name": "Can view log entry", "content_type": 9, "codename": "view_logentry"}}, {"model": "auth.permission", "pk": 37, "fields": {"name": "Can add permission", "content_type": 10, "codename": "add_permission"}}, {"model": "auth.permission", "pk": 38, "fields": {"name": "Can change permission", "content_type": 10, "codename": "change_permission"}}, {"model": "auth.permission", "pk": 39, "fields": {"name": "Can delete permission", "content_type": 10, "codename": "delete_permission"}}, {"model": "auth.permission", "pk": 40, "fields": {"name": "Can view permission", "content_type": 10, "codename": "view_permission"}}, {"model": "auth.permission", "pk": 41, "fields": {"name": "Can add group", "content_type": 11, "codename": "add_group"}}, {"model": "auth.permission", "pk": 42, "fields": {"name": "Can change group", "content_type": 11, "codename": "change_group"}}, {"model": "auth.permission", "pk": 43, "fields": {"name": "Can delete group", "content_type": 11, "codename": "delete_group"}}, {"model": "auth.permission", "pk": 44, "fields": {"name": "Can view group", "content_type": 11, "codename": "view_group"}}, {"model": "auth.permission", "pk": 45, "fields": {"name": "Can add user", "content_type": 12, "codename": "add_user"}}, {"model": "auth.permission", "pk": 46, "fields": {"name": "Can change user", "content_type": 12, "codename": "change_user"}}, {"model": "auth.permission", "pk": 47, "fields": {"name": "Can delete user", "content_type": 12, "codename": "delete_user"}}, {"model": "auth.permission", "pk": 48, "fields": {"name": "Can view user", "content_type": 12, "codename": "view_user"}}, {"model": "auth.permission", "pk": 49, "fields": {"name": "Can add content type", "content_type": 13, "codename": "add_contenttype"}}, {"model": "auth.permission", "pk": 50, "fields": {"name": "Can change content type", "content_type": 13, "codename": "change_contenttype"}}, {"model": "auth.permission", "pk": 51, "fields": {"name": "Can delete content type", "content_type": 13, "codename": "delete_contenttype"}}, {"model": "auth.permission", "pk": 52, "fields": {"name": "Can view content type", "content_type": 13, "codename": "view_contenttype"}}, {"model": "auth.permission", "pk": 53, "fields": {"name": "Can add session", "content_type": 14, "codename": "add_session"}}, {"model": "auth.permission", "pk": 54, "fields": {"name": "Can change session", "content_type": 14, "codename": "change_session"}}, {"model": "auth.permission", "pk": 55, "fields": {"name": "Can delete session", "content_type": 14, "codename": "delete_session"}}, {"model": "auth.permission", "pk": 56, "fields": {"name": "Can view session", "content_type": 14, "codename": "view_session"}}, {"model": "auth.user", "pk": 1, "fields": {"password": "pbkdf2_sha256$1000000$xx28qvChxxKVIS6SC7qoim$i85STCEFSRPMfwVLYTOQ1z3k0a9xRSgSbEZfynn6iYw=", "last_login": "2025-10-14T17:58:09.710Z", "is_superuser": true, "username": "bhavani", "first_name": "", "last_name": "", "email": "bhava1800@gmail.com", "is_staff": true, "is_active": true, "date_joined": "2025-10-05T09:53:36.887Z", "groups": [], "user_permissions": []}}, {"model": "auth.user", "pk": 2, "fields": {"password": "pbkdf2_sha256$1000000$qzMLfJ8aFaEUPIigx2jKiI$Ob3pWu4MZ61/59fIjpwBLKgbFNS+6UoXeTNzP96GVoI=", "last_login": "2025-10-29T08:01:18.271Z", "is_superuser": false, "username": "officer1", "first_name": "", "last_name": "", "email": "officer01@gmail.com", "is_staff": false, "is_active": true, "date_joined": "2025-10-05T16:23:39.638Z", "groups": [], "user_permissions": []}}, {"model": "auth.user", "pk": 3, "fields": {"password": "pbkdf2_sha256$1000000$iMRTrx7mR3iHOj2wPCwQrj$wLKKD2OvAW5J8pePGUarVvGsvXnZlgD5STD8xpnNcD8=", "last_login": null, "is_superuser": false, "username": "LubithaS@2212", "first_name": "", "last_name": "", "email": "lubitha.s22@gmail.com", "is_staff": false, "is_active": true, "date_joined": "2025-10-25T18:19:18.579Z", "groups": [], "user_permissions": []}}, {"model": "auth.user", "pk": 5, "fields": {"password": "pbkdf2_sha256$1000000$yEjXBs6JO49L7jmGgFmWXD$ffx3gzbsatvggAcFwZepnfbeXH08nSouruC6IPaHa/A=", "last_login": null, "is_superuser": false, "username": "Lubitha", "first_name": "", "last_name": "", "email": "lubitha.s22@gmail.com", "is_staff": false, "is_active": true, "date_joined": "2025-10-26T07:46:02.112Z", "groups": [], "user_permissions": []}}, {"model": "contenttypes.contenttype", "pk": 1, "fields": {"app_label": "Authentication", "model": "profile"}}, {"model": "contenttypes.contenttype", "pk": 2, "fields": {"app_label": "emissions", "model": "company"}}, {"model": "contenttypes.contenttype", "pk": 3, "fields": {"app_label": "emissions", "model": "pollutant"}}, {"model": "contenttypes.contenttype", "pk": 4, "fields": {"app_label": "emissions", "model": "mine"}}, {"model": "contenttypes.contenttype", "pk": 5, "fields": {"app_label": "emissions", "model": "emissioncalculation"}}, {"model": "contenttypes.contenttype", "pk": 6, "fields": {"app_label": "emissions", "model": "report"}}, {"model": "contenttypes.contenttype", "pk": 7, "fields": {"app_label": "emissions", "model": "sensor"}}, {"model": "contenttypes.contenttype", "pk": 8, "fields": {"app_label": "emissions", "model": "sensorreading"}}, {"model": "contenttypes.contenttype", "pk": 9, "fields": {"app_label": "admin", "model": "logentry"}}, {"model": "contenttypes.contenttype", "pk": 10, "fields": {"app_label": "auth", "model": "permission"}}, {"model": "contenttypes.contenttype", "pk": 11, "fields": {"app_label": "auth", "model": "group"}}, {"model": "contenttypes.contenttype", "pk": 12, "fields": {"app_label": "auth", "model": "user"}}, {"model": "contenttypes.contenttype", "pk": 13, "fields": {"app_label": "contenttypes", "model": "contenttype"}}, {"model": "contenttypes.contenttype", "pk": 14, "fields": {"app_label": "sessions", "model": "session"}}, {"model": "sessions.session", "pk": "hby79r64y4pfvq0xh173pv9hvikp49nx", "fields": {"session_data": ".eJxVjMsOwiAQRf-FtSEM5ZFx6d5vIDAMUjWQlHZl_Hdt0oVu7znnvkSI21rDNngJcxZnocXpd0uRHtx2kO-x3bqk3tZlTnJX5EGHvPbMz8vh_h3UOOq3BkBgQ0kReJMzG3TkqCA6hQiTZWeLAq0NA0BRrBEzTVMkrby3HMX7A80NNz4:1v9Euq:5hIivX5OAbgB6Tnsj94BK6WjE-NVZEqkWVsCqcezx_M", "expire_date": "2025-10-30T03:44:36.668Z"}}, {"model": "sessions.session", "pk": "jx8r5v6qnif3pd5ikdss866f99vg7r60", "fields": {"session_data": ".eJxVjMsOwiAQRf-FtSEM5ZFx6d5vIDAMUjWQlHZl_Hdt0oVu7znnvkSI21rDNngJcxZnocXpd0uRHtx2kO-x3bqk3tZlTnJX5EGHvPbMz8vh_h3UOOq3BkBgQ0kReJMzG3TkqCA6hQiTZWeLAq0NA0BRrBEzTVMkrby3HMX7A80NNz4:1vD3D6:0oyz1Wm6v6uBw_GvDJKW68fnEKyvvQbso3_b3eySMH8", "expire_date": "2025-11-09T16:03:12.055Z"}}, {"model": "sessions.session", "pk": "xha2pg6qf7bm4ss034ojfv52gayr37a3", "fields": {"session_data": ".eJxVjMsOwiAQRf-FtSEM5ZFx6d5vIDAMUjWQlHZl_Hdt0oVu7znnvkSI21rDNngJcxZnocXpd0uRHtx2kO-x3bqk3tZlTnJX5EGHvPbMz8vh_h3UOOq3BkBgQ0kReJMzG3TkqCA6hQiTZWeLAq0NA0BRrBEzTVMkrby3HMX7A80NNz4:1vBFXx:RupBoZOG3rB52YoHjUVDjLrY8aOnJPeobys-zWoC9hY", "expire_date": "2025-11-04T16:49:17.959Z"}}]